{
    "accuracies": [
        0.3897,
        0.4703
    ],
    "test_losses": [
        1.6234261154174805,
        1.4695495805740357
    ],
    "train_losses": [
        1.836423250541687,
        1.5567026668167114
    ]
}